1,Ana García,28,Femenino,"Calle 123, Ciudad Ejemplo",ana.garcia@example.com,15/09/2023,15/09/2023
2,Luis Rodríguez,35,Masculino,"Av. Principal, Pueblo Nuevo",luis.rodriguez@example.com,15/09/2023,15/09/2023
3,María Martínez,42,Femenino,"Carrera 45, Villa Bella",maria.martinez@example.com,15/09/2023,15/09/2023
4,Juan Pérez,30,Masculino,"Calle 67, Urbanización Central",juan.perez@example.com,15/09/2023,15/09/2023
5,Laura López,25,Femenino,"Calle 9, Barrio Primavera",laura.lopez@example.com,15/09/2023,15/09/2023
6,Carlos González,38,Masculino,"Av. Libertad, Los Pinos",carlos.gonzalez@example.com,15/09/2023,15/09/2023
7,Andrea Sánchez,29,Femenino,"Calle 22, Colonia Verde",andrea.sanchez@example.com,15/09/2023,15/09/2023
8,Pedro Ramírez,45,Masculino,"Carrera 12, Ciudad Vieja",pedro.ramirez@example.com,15/09/2023,15/09/2023
9,Marta Torres,31,Femenino,"Av. Central, Los Robles",marta.torres@example.com,15/09/2023,15/09/2023
10,Alejandro Díaz,27,Masculino,"Calle 34, Residencial Aurora",alejandro.diaz@example.com,15/09/2023,15/09/2023
11,Laura Rodríguez,33,Femenino,"Carrera 8, Barrio San José",laura.rodriguez@example.com,15/09/2023,15/09/2023
12,Manuel Vargas,40,Masculino,"Av. Primavera, Villa Nueva",manuel.vargas@example.com,15/09/2023,15/09/2023
13,Claudia Martínez,26,Femenino,"Calle 56, Nuevo Horizonte",claudia.martinez@example.com,15/09/2023,15/09/2023
14,Diego Soto,37,Masculino,"Carrera 30, Los Alamos",diego.soto@example.com,15/09/2023,15/09/2023
15,Patricia Pérez,23,Femenino,"Av. Libertad, Las Flores",patricia.perez@example.com,15/09/2023,15/09/2023
16,José López,32,Masculino,"Calle 15, Los Pájaros",jose.lopez@example.com,15/09/2023,15/09/2023
17,Isabel García,48,Femenino,"Carrera 14, Los Laureles",isabel.garcia@example.com,15/09/2023,15/09/2023
18,Sergio Ramírez,29,Masculino,"Av. Principal, El Bosque",sergio.ramirez@example.com,15/09/2023,15/09/2023
19,Carmen Fernández,39,Femenino,"Calle 20, Ciudad Jardín",carmen.fernandez@example.com,15/09/2023,15/09/2023
20,Raúl González,34,Masculino,"Carrera 5, Villa Blanca",raul.gonzalez@example.com,15/09/2023,15/09/2023
21,Ana María Torres,28,Femenino,"Av. Central, Los Pinos",ana.torres@example.com,15/09/2023,15/09/2023
22,Javier Pérez,44,Masculino,"Calle 11, Barrio Residencial",javier.perez@example.com,15/09/2023,15/09/2023
23,Laura Rodríguez,31,Femenino,"Carrera 18, El Carmen",laura.rodriguez@example.com,15/09/2023,15/09/2023
24,Manuel Martínez,36,Masculino,"Av. Primavera, Villa Bella",manuel.martinez@example.com,15/09/2023,15/09/2023
25,Carolina López,27,Femenino,"Calle 25, Colonia Aurora",carolina.lopez@example.com,15/09/2023,15/09/2023
26,Juan Ramírez,41,Masculino,"Carrera 40, Los Robles",juan.ramirez@example.com,15/09/2023,15/09/2023
27,Claudia Sánchez,30,Femenino,"Av. Libertad, Ciudad Nueva",claudia.sanchez@example.com,15/09/2023,15/09/2023
28,Eduardo Díaz,24,Masculino,"Calle 7, Los Pájaros",eduardo.diaz@example.com,15/09/2023,15/09/2023
29,Ana González,42,Femenino,"Carrera 33, Villa Nueva",ana.gonzalez@example.com,15/09/2023,15/09/2023
30,Roberto Pérez,35,Masculino,"Av. Central, Los Laureles",roberto.perez@example.com,15/09/2023,15/09/2023
31,Laura Rodríguez,29,Femenino,"Calle 19, El Bosque",laura.rodriguez@example.com,15/09/2023,15/09/2023
32,Francisco Martínez,37,Masculino,"Carrera 10, Ciudad Jardín",francisco.martinez@example.com,15/09/2023,15/09/2023
33,Adriana Soto,26,Femenino,"Av. Principal, Los Alamos",adriana.soto@example.com,15/09/2023,15/09/2023
34,Carlos López,43,Masculino,"Calle 21, Las Flores",carlos.lopez@example.com,15/09/2023,15/09/2023
35,María Fernández,33,Femenino,"Carrera 16, Nuevo Horizonte",maria.fernandez@example.com,15/09/2023,15/09/2023
36,Pedro Torres,46,Masculino,"Av. Libertad, Villa Blanca",pedro.torres@example.com,15/09/2023,15/09/2023
37,Andrea Pérez,28,Femenino,"Calle 10, Ciudad Ejemplo",andrea.perez@example.com,15/09/2023,15/09/2023
38,Luis Martínez,39,Masculino,"Carrera 25, Pueblo Nuevo",luis.martinez@example.com,15/09/2023,15/09/2023
39,Isabel Rodríguez,30,Femenino,"Av. Primavera, Villa Bella",isabel.rodriguez@example.com,15/09/2023,15/09/2023
40,Juan García,47,Masculino,"Calle 16, Urbanización Central",juan.garcia@example.com,15/09/2023,15/09/2023
41,Claudia Ramírez,25,Femenino,"Carrera 31, Barrio Primavera",claudia.ramirez@example.com,15/09/2023,15/09/2023
42,David Sánchez,38,Masculino,"Av. Central, Los Pinos",david.sanchez@example.com,15/09/2023,15/09/2023
43,Laura Pérez,32,Femenino,"Calle 13, Colonia Verde",laura.perez@example.com,15/09/2023,15/09/2023
44,José González,27,Masculino,"Carrera 20, Ciudad Vieja",jose.gonzalez@example.com,15/09/2023,15/09/2023
45,Ana Martínez,44,Femenino,"Av. Libertad, Los Robles",ana.martinez@example.com,15/09/2023,15/09/2023
46,Luis Torres,29,Masculino,"Calle 12, Residencial Aurora",luis.torres@example.com,15/09/2023,15/09/2023
47,María Rodríguez,37,Femenino,"Carrera 7, Barrio San José",maria.rodriguez@example.com,15/09/2023,15/09/2023
48,Daniel Vargas,31,Masculino,"Av. Principal, Villa Nueva",daniel.vargas@example.com,15/09/2023,15/09/2023
49,Carolina Sánchez,24,Femenino,"Calle 35, Nuevo Horizonte",carolina.sanchez@example.com,15/09/2023,15/09/2023
50,Jorge Díaz,40,Masculino,"Carrera 11, Los Alamos",jorge.diaz@example.com,15/09/2023,15/09/2023
